students,1,2,3,4,5
1,145,142,125,143,80
2,72,12,149,171,8
3,79,87,37,120,97
4,104,101,103,100,99
5,26,154,149,101,28
6,86,172,159,66,171
7,183,37,20,87,28
8,128,177,161,25,8
9,42,170,116,13,39
10,169,8,170,9,174
11,8,64,140,105,63
12,111,92,89,103,127
13,116,64,159,160,84
14,122,99,114,123,101
15,29,38,127,107,109
16,174,13,25,71,42
17,135,1,110,117,52
18,132,46,1,104,142
19,53,66,26,128,162
20,103,108,114,130,131
21,48,32,63,42,183
22,77,139,103,92,97
23,81,23,153,37,71
24,162,161,158,25,103
25,165,52,117,21,66
26,148,116,39,63,105
27,48,50,45,54,30
28,103,102,153,170,162
29,171,97,165,38,1
30,152,162,27,170,174
31,162,167,52,61,46
32,1,49,171,39,21
33,1,31,146,142,21
34,125,115,61,76,145
35,58,49,182,46,167
36,77,80,83,24,88
37,49,66,86,36,21
38,114,42,99,101,33
39,74,154,138,102,91
40,170,39,147,17,95
41,102,153,96,180,91
42,9,169,159,60,63
43,115,135,61,8,98
44,24,33,83,116,62
45,174,104,156,31,157
46,13,182,174,148,99
47,149,14,29,137,129
48,181,175,72,146,167
49,44,157,55,100,27
50,102,100,8,91,25
51,12,57,1,72,67
52,1,174,12,31,72
53,116,112,87,102,74
54,94,25,124,48,82
55,49,53,171,25,40
56,93,140,141,158,170
57,89,20,26,158,52
58,109,110,180,115,146
59,156,41,9,158,26
60,116,123,148,101,182
61,119,132,100,114,101
62,158,148,183,11,24
63,149,170,8,162,75
64,17,128,169,65,21
65,102,23,91,81,96
66,111,37,87,120,139
67,115,1,4,76,72
68,12,13,42,114,66
69,132,118,5,16,1
70,162,25,56,53,161
71,103,139,97,127,87
72,108,104,90,136,1
73,28,45,182,54,148
74,80,36,128,108,58
75,146,52,171,156,8
76,100,26,125,115,119
77,144,91,138,154,102
78,172,155,159,30,47
79,36,1,117,115,49
80,47,2,15,54,60
81,170,28,120,8,171
82,10,55,62,3,35
83,88,81,101,140,144
84,36,47,163,15,160
85,162,161,25,75,135
86,24,83,1,31,171
87,86,117,66,52,165
88,90,171,1,118,132
89,54,7,148,6,168
90,128,177,108,8,98
91,84,92,91,102,20
92,149,152,129,74,111
93,68,72,66,5,135
94,78,102,103,96,99
95,176,31,66,32,49
96,36,148,38,141,32
97,13,174,43,100,159
98,83,24,114,13,62
99,159,62,47,24,174
100,80,116,172,64,101
101,42,63,64,160,144
102,156,26,36,72,1
103,171,1,164,72,163
104,172,160,83,84,80
105,170,121,8,162,158
106,174,119,100,157,109
107,61,116,113,49,101
108,170,135,94,13,120
109,28,29,71,160,151
110,80,134,24,13,33
111,153,23,39,74,27
112,47,155,159,45,112
113,116,32,174,14,133
114,183,72,104,67,159
115,49,167,159,52,166
116,101,56,75,124,99
117,30,23,37,1,62
118,83,24,55,69,44
119,135,89,20,74,153
120,136,103,113,149,169
121,13,174,170,37,148
122,84,38,61,128,36
123,13,28,20,87,181
124,49,165,52,115,117
125,170,9,147,17,14
126,165,166,21,163,171
127,80,83,116,18,101
128,47,115,66,61,165
129,78,153,174,79,12
130,66,49,13,176,182
131,80,104,159,12,83
132,43,13,53,128,182
133,14,149,107,127,129
134,172,24,151,15,80
135,64,100,62,116,182
136,8,75,27,162,102
137,37,4,71,111,89
138,25,162,161,14,29
139,37,111,87,20,120
140,162,46,167,51,171
141,30,85,43,58,84
142,170,36,42,12,8
143,79,28,139,128,89
144,44,62,83,69,24
145,63,32,157,152,170
146,40,17,27,134,153
147,161,162,133,119,53
148,153,102,152,91,74
149,1,171,72,42,167
150,50,45,47,44,54
151,54,49,46,47,170
152,116,64,101,148,33
153,60,155,65,30,151
154,128,51,72,132,75
155,153,88,81,23,154
156,174,48,25,147,88
157,125,115,1,101,93
158,37,153,174,102,120
159,162,165,111,49,56
160,101,139,148,79,170
161,148,36,132,101,182
162,1,13,24,66,72
163,53,32,63,25,124
164,66,61,36,115,170
165,146,67,16,109,41
166,169,152,149,127,126
167,172,131,68,84,47
168,103,135,94,75,106
169,171,163,149,57,170
170,125,145,165,92,139
171,152,153,23,102,138
172,141,177,88,95,121
173,84,45,47,159,2
174,93,33,122,64,42
175,132,118,104,12,171
176,140,27,32,94,82
177,116,62,24,64,59
178,174,109,119,133,100
179,108,135,25,113,75
180,78,84,146,25,160
181,80,157,116,24,127
182,49,174,115,21,20
183,77,115,45,160,125
184,127,97,107,71,102
185,160,69,172,24,182
186,104,171,72,1,31
187,78,79,153,91,8
188,61,113,183,108,111
189,83,84,136,20,21
190,100,104,132,119,27
191,45,47,54,160,117
192,116,72,177,128,125
193,61,36,72,90,128
194,115,76,84,6,66
195,47,171,45,62,50
196,82,32,48,106,105
197,162,89,24,83,14
198,113,116,178,96,128
199,130,102,174,87,169
200,169,4,10,71,69
201,153,88,102,170,39
202,179,24,119,98,127
203,39,170,105,36,165
204,32,70,140,94,121
205,170,39,106,103,95
206,78,8,100,33,133
207,84,1,42,174,116
208,74,102,160,6,155
209,80,176,126,35,50
210,81,154,152,102,23
211,48,49,46,1,165
212,86,115,117,66,165
213,37,4,40,20,7
214,179,98,137,107,113
215,119,68,112,109,84
216,27,48,32,63,82
217,171,140,109,162,48
218,116,114,20,180,148
219,160,8,151,62,163
220,72,171,52,165,8
221,43,50,18,11,176
222,159,68,172,160,45
223,43,13,64,116,70
224,10,55,83,48,27
225,103,170,63,86,158
226,72,80,116,112,84
227,115,61,132,1,171
228,119,36,133,49,109
229,153,78,116,152,39
230,13,53,43,25,42
231,181,135,7,19,59
232,136,72,172,8,1
233,162,72,171,161,25
234,78,111,79,153,74
235,24,83,103,158,18
236,159,2,160,117,165
237,24,83,117,86,8
238,155,80,47,159,173
239,159,62,111,160,28
240,45,47,160,54,15
241,170,36,1,149,72
242,127,28,129,152,74
243,9,160,166,174,111
244,40,8,174,24,157
245,23,115,6,36,32
246,156,27,170,12,106
247,13,33,58,43,150
248,112,146,176,126,12
249,78,153,152,178,96
250,171,12,164,167,118
251,22,135,70,51,1
252,108,136,130,113,179
253,112,126,24,45,160
254,149,169,100,174,88
255,121,127,170,129,95
256,8,62,149,79,145
257,53,128,49,62,54
258,49,159,165,52,45
259,42,46,13,57,164
260,173,47,84,165,45
261,28,174,162,56,71
262,109,157,27,101,147
263,183,165,171,52,36
264,1,51,171,118,163
265,40,11,35,42,148
266,100,12,72,177,135
267,101,104,90,116,26
268,160,40,126,131,132
269,38,29,162,8,42
270,181,128,52,149,150
271,61,46,171,115,1
272,84,83,1,54,168
273,116,63,64,148,182
274,46,45,47,57,1
275,157,72,79,78,1
276,37,71,4,152,153
277,104,132,142,143,119
278,101,27,63,169,8
279,72,31,1,171,146
280,7,44,110,172,45
281,77,79,92,17,20
282,183,89,97,116,170
283,153,35,111,62,20
284,131,134,80,126,155
285,53,24,11,135,103
286,146,46,171,1,175
287,5,4,1,171,118
288,111,87,139,97,8
289,1,156,149,35,104
290,48,147,46,111,34
291,100,119,174,157,109
292,42,160,68,101,116
293,174,170,48,63,39
294,1,76,171,48,75
295,101,100,173,80,84
296,100,20,37,8,22
297,22,177,105,94,109
298,42,79,101,111,89
299,134,126,40,156,142
300,53,25,149,174,129
301,170,37,71,39,38
302,181,77,145,177,155
303,47,160,45,97,157
304,125,172,80,36,40
305,49,125,145,66,115
306,100,25,8,149,77
307,170,62,40,25,64
308,48,61,177,2,47
309,101,45,151,42,182
310,75,128,161,135,124
311,159,80,62,176,160
312,128,42,129,183,29
313,160,170,172,40,159
314,160,47,172,159,174
315,171,72,156,163,1
316,83,101,114,13,93
317,170,39,36,8,117
318,66,1,171,16,45
319,89,88,166,35,49
320,101,103,45,148,102
321,114,82,77,17,34
322,79,72,108,113,51
323,148,101,158,151,160
324,165,115,86,52,66
325,171,1,66,31,57
326,1,84,152,117,30
327,85,160,35,84,59
328,12,1,156,90,72
329,99,58,148,165,21
330,84,172,83,60,59
331,169,8,183,19,174
332,48,148,39,11,24
333,148,101,8,150,93
334,157,174,87,92,89
335,100,119,174,109,157
336,62,44,134,148,114
337,158,157,133,119,109
338,102,87,106,113,158
339,25,53,128,135,124
340,95,101,42,27,170
341,13,148,93,29,157
342,171,1,72,7,24
343,100,109,133,157,119
344,46,45,49,115,47
345,45,52,49,167,165
346,128,162,161,135,177
347,83,24,69,62,176
348,1,5,66,36,148
349,91,102,178,144,138
350,20,152,79,153,37
351,149,30,65,151,89
352,46,72,142,143,118
353,57,12,175,51,16
354,15,115,160,146,21
355,64,47,21,126,160
356,179,130,108,136,113
357,158,103,138,154,96
358,1,24,153,172,148
359,24,160,159,35,2
360,74,72,44,15,143
361,103,101,93,172,88
362,67,104,72,31,5
363,103,158,100,133,157
364,109,157,119,133,174
365,118,171,104,12,1
366,170,63,103,39,27
367,84,159,153,2,22
368,132,136,86,108,176
369,157,23,152,180,102
370,138,139,142,143,86
371,48,123,105,13,32
372,163,164,156,16,41
373,21,66,117,126,59
374,102,138,153,23,91
375,13,174,182,148,116
376,40,176,24,183,94
377,1,40,57,24,62
378,66,23,71,102,86
379,39,88,148,116,17
380,99,101,33,84,68
381,62,174,153,24,111
382,141,107,112,108,132
383,51,5,171,156,46
384,165,61,36,117,86
385,8,132,167,75,1
386,109,157,100,133,119
387,156,142,41,35,172
388,171,13,1,57,66
389,24,83,126,80,40
390,149,38,14,29,137
391,173,31,47,104,172
392,84,40,80,35,2
393,133,119,100,109,157
394,172,47,115,131,155
395,172,2,149,159,158
396,159,47,160,84,2
397,172,112,160,84,47
398,160,8,72,148,149
399,171,44,83,15,16
400,47,126,176,131,151
401,127,97,103,129,79
402,48,106,105,147,88
403,57,1,132,36,49
404,42,28,64,164,57
405,170,39,153,74,183
406,1,171,38,108,29
407,104,72,12,36,21
408,161,162,165,167,166
409,72,1,104,57,31
410,161,93,13,29,43
411,170,39,121,141,95
412,83,80,86,90,21
413,8,158,99,138,100
414,24,25,83,7,75
415,42,64,43,182,13
416,9,80,131,136,77
417,45,115,13,182,91
418,130,155,136,79,8
419,45,61,84,160,49
420,149,172,76,136,137
421,27,35,176,149,127
422,68,173,171,49,8
423,93,13,64,123,101
424,83,24,40,48,111
425,170,39,34,147,88
426,42,64,99,43,93
427,87,146,23,49,24
428,49,48,61,72,147
429,152,78,171,83,20
430,12,57,156,46,118
431,172,148,93,13,52
432,169,129,113,149,136
433,24,1,47,29,176
434,53,161,135,129,137
435,77,147,121,88,141
436,183,81,4,152,153
437,159,160,64,174,170
438,132,90,152,104,156
439,154,20,138,102,152
440,49,117,145,21,174
441,49,137,115,52,36
442,61,66,115,26,117
443,170,40,39,24,176
444,79,78,77,8,48
445,135,100,72,115,95
446,8,78,1,171,42
447,32,82,106,94,48
448,103,89,127,149,92
449,102,138,117,74,115
450,115,30,149,126,127
451,28,79,87,111,71
452,146,175,47,6,29
453,146,8,171,47,148
454,72,170,171,163,39
455,170,64,109,174,148
456,171,153,167,1,118
457,72,110,104,49,132
458,38,20,174,74,28
459,48,32,170,17,95
460,116,182,133,148,99
461,57,46,167,16,118
462,18,137,148,114,80
463,83,24,10,40,62
464,161,66,21,151,150
465,170,71,28,39,37
466,47,62,45,57,46
467,100,27,155,77,140
468,36,145,166,26,52
469,36,161,38,162,8
470,78,136,22,8,152
471,181,30,54,20,129
472,78,79,102,153,72
473,27,135,54,169,16
474,36,117,19,49,61
475,62,182,170,83,32
476,2,6,156,26,5
477,38,167,14,107,127
478,171,132,52,165,146
479,124,177,135,75,128
480,83,24,62,69,126
481,13,182,43,176,24
482,82,45,112,15,14
483,182,13,174,32,4
484,174,100,109,133,119
485,4,171,156,28,14
486,100,139,92,28,37
487,47,129,8,9,160
488,149,77,38,170,109
489,153,64,29,42,165
490,83,24,176,66,63
491,139,92,20,21,134
492,104,100,115,90,1
493,29,127,38,14,137
494,77,80,24,29,88
495,42,174,9,171,161
496,72,84,25,160,45
497,35,160,40,62,11
498,72,171,1,104,16
499,170,62,24,83,39
500,36,61,165,117,21
501,104,170,159,12,126
502,24,170,48,39,10
503,80,160,159,62,134
504,170,171,47,73,72
505,114,109,100,70,101
506,19,169,183,113,130
507,142,140,143,145,141
508,6,155,156,26,41
509,53,3,56,8,34
510,81,153,88,17,141
511,168,149,34,171,8
512,123,114,71,148,36
513,170,48,63,13,17
514,24,83,93,10,126
515,75,149,30,28,152
516,155,6,159,47,68
517,152,153,71,170,62
518,160,115,62,21,117
519,24,99,165,44,62
520,132,72,104,26,117
521,101,109,116,102,152
522,75,100,177,157,109
523,13,110,165,145,148
524,26,117,21,5,66
525,24,80,7,62,83
526,109,74,62,157,20
527,100,37,92,41,141
528,177,80,77,121,92
529,73,127,177,124,113
530,102,152,180,91,149
531,127,101,114,93,20
532,66,36,159,15,86
533,136,98,127,107,14
534,165,36,21,167,171
535,1,26,12,171,5
536,24,1,152,64,117
537,126,134,24,2,69
538,145,129,137,179,125
539,35,10,59,170,39
540,6,73,176,114,124
541,18,119,157,27,100
542,116,42,13,91,174
543,116,1,51,42,5
544,24,171,44,183,56
545,33,35,93,50,61
546,25,170,27,29,38
547,64,28,8,62,13
548,71,1,5,72,171
549,21,183,133,52,1
550,72,61,1,104,115
551,174,83,24,153,23
552,83,149,80,100,62
553,9,48,69,34,27
554,118,142,162,115,61
555,26,83,112,24,80
556,143,161,137,104,107
557,77,116,148,61,117
558,42,165,1,153,171
559,159,64,172,160,47
560,131,160,84,45,112
561,151,30,65,175,2
562,48,63,27,174,157
563,146,171,57,167,51
564,153,116,113,174,136
565,47,159,2,61,160
566,21,171,165,167,148
567,100,157,119,109,133
568,51,182,13,52,146
569,42,13,116,182,64
570,170,171,76,93,26
571,174,119,109,100,133
572,135,45,149,6,137
573,77,170,79,108,88
574,78,102,152,153,154
575,62,54,24,47,44
576,112,31,66,171,159
577,174,162,66,25,128
578,156,80,36,62,170
579,155,137,75,181,132
580,1,146,84,118,171
581,13,42,150,47,182
582,83,24,18,11,115
583,172,8,30,149,170
584,77,170,27,88,63
585,101,116,64,42,99
586,173,171,1,31,15
587,53,133,174,87,14
588,160,47,45,159,68
589,100,103,170,174,158
590,110,83,29,64,36
591,83,134,176,80,126
592,78,32,178,138,91
593,145,143,142,11,104
594,112,80,116,170,131
595,131,160,84,45,112
596,63,170,27,48,105
597,64,182,116,70,43
598,72,71,19,61,24
599,159,47,45,160,15
600,108,115,61,26,66
601,78,13,102,105,37
602,140,143,142,145,141
603,141,140,77,105,101
604,23,152,30,155,43
605,147,49,156,46,72
606,125,104,132,76,118
607,48,182,147,63,32
608,102,8,76,26,20
609,110,125,88,76,78
610,1,153,24,182,64
611,102,78,104,77,152
612,77,39,170,141,121
613,79,78,37,4,77
614,20,170,152,37,153
615,62,61,52,48,45
616,160,54,30,36,117
617,72,171,1,66,101
618,37,20,28,79,97
619,153,62,24,83,178
620,107,97,139,87,127
621,49,61,125,132,115
622,50,155,62,45,131
623,172,62,35,24,159
624,49,36,171,7,38
625,128,92,8,65,162
626,146,46,81,49,16
627,75,100,8,135,64
628,84,159,160,155,45
629,131,112,85,84,86
630,134,126,62,44,35
631,8,29,149,148,119
632,45,54,15,159,84
633,56,48,32,63,25
634,127,134,126,94,137
635,155,31,1,24,35
636,49,8,138,153,57
637,163,156,118,20,28
638,100,133,157,119,174
639,3,55,49,62,10
640,127,28,129,20,8
641,152,124,135,15,163
642,8,154,25,27,48
643,162,161,160,159,24
644,57,72,64,45,153
645,8,51,56,53,161
646,83,80,162,11,170
647,125,60,15,111,91
648,64,84,131,12,167
649,148,13,42,123,114
650,12,174,136,8,100
651,24,112,66,176,83
652,49,8,157,174,53
653,165,86,66,29,181
654,152,96,23,78,153
655,95,39,121,170,141
656,13,43,174,176,150
657,24,170,174,40,39
658,1,72,31,5,146
659,171,160,37,165,162
660,20,37,4,148,13
661,30,156,155,26,45
662,1,156,5,132,90
663,136,174,113,169,158
664,174,66,42,48,170
665,9,39,12,170,37
666,159,160,24,40,47
667,72,90,1,5,171
668,38,29,109,174,148
669,42,116,114,64,38
670,114,171,182,1,150
671,172,155,26,30,146
672,82,109,119,48,147
673,117,84,8,112,160
674,171,170,39,38,114
675,20,37,4,127,14
676,6,47,62,50,172
677,102,153,116,72,106
678,160,45,47,15,165
679,42,163,174,9,63
680,172,131,80,30,35
681,122,114,127,101,136
682,43,116,87,162,158
683,153,152,28,102,20
684,142,156,143,46,72
685,5,171,146,156,16
686,171,132,104,90,146
687,115,76,146,4,114
688,90,146,26,1,171
689,144,143,142,91,41
690,176,44,114,18,40
691,170,163,57,164,161
692,12,62,43,164,171
693,74,75,52,30,1
694,120,92,20,71,28
695,174,152,153,96,23
696,49,167,58,46,1
697,12,174,19,13,168
698,83,44,62,176,24
699,177,92,38,102,137
700,176,174,66,98,112
701,36,26,86,159,30
702,160,165,171,159,167
703,74,155,114,85,84
704,72,1,171,51,25
705,1,80,24,149,104
706,180,114,102,8,152
707,36,21,7,83,86
708,75,128,109,119,135
709,53,161,174,133,128
710,153,100,102,170,23
711,141,140,181,142,107
712,76,115,125,171,52
713,177,135,128,75,162
714,66,174,165,183,158
715,82,94,48,105,106
716,170,20,37,95,39
717,116,182,13,114,101
718,49,76,61,36,165
719,160,47,54,159,15
720,86,36,66,117,26
721,127,2,20,8,166
722,162,161,148,114,73
723,162,25,75,37,97
724,47,104,136,108,68
725,25,162,174,71,75
726,181,76,145,179,180
727,163,171,164,170,165
728,171,71,1,6,57
729,172,105,112,84,25
730,83,1,24,156,23
731,169,91,138,154,108
732,5,12,1,51,13
733,167,118,163,16,164
734,49,132,61,142,101
735,85,160,54,134,15
736,28,29,183,167,166
737,174,43,99,42,162
738,32,136,179,63,100
739,84,159,47,173,45
740,174,13,182,114,32
741,62,99,101,124,162
742,8,113,108,171,125
743,174,116,13,129,149
744,47,45,160,172,15
745,160,60,159,68,131
746,170,153,13,116,182
747,171,45,46,62,148
748,160,47,45,155,127
749,147,48,63,170,39
750,146,171,66,21,175
751,62,24,13,32,63
752,102,153,11,170,78
753,160,115,171,14,48
754,81,148,21,183,156
755,104,156,125,33,26
756,153,78,23,152,74
757,115,61,72,167,110
758,84,78,85,38,23
759,171,72,142,143,146
760,170,162,161,105,121
761,41,72,171,8,136
762,159,171,62,146,160
763,67,160,47,135,129
764,159,153,2,160,84
765,174,119,109,105,94
766,128,53,3,161,162
767,12,1,117,132,160
768,171,62,44,132,126
769,49,45,47,48,52
770,8,157,100,119,109
771,8,169,136,51,83
772,114,148,182,13,99
773,161,128,162,25,8
774,136,149,113,129,8
775,106,102,138,105,103
776,62,134,126,100,40
777,24,66,47,45,12
778,152,61,88,105,39
779,62,80,44,126,148
780,39,32,63,124,25
781,47,45,54,160,49
782,102,23,24,178,74
783,161,162,135,78,8
784,49,165,166,52,115
785,145,86,159,169,135
786,71,149,28,148,4
787,42,170,39,64,63
788,45,54,160,159,47
789,14,108,109,44,19
790,161,170,39,23,25
791,71,109,79,20,28
792,24,62,126,103,83
793,24,153,39,23,148
794,1,84,61,171,112
795,181,30,45,47,160
796,1,148,68,5,153
797,160,159,72,171,165
798,7,83,24,71,80
799,12,57,66,31,49
800,162,161,183,71,79
801,83,24,148,182,62
802,115,110,72,175,61
803,10,155,65,26,8
804,21,165,61,171,167
805,172,84,99,157,93
806,131,54,172,155,2
807,106,27,105,48,94
808,159,65,84,6,1
809,51,156,12,164,163
810,149,13,148,114,157
811,170,49,36,40,147
812,128,62,83,171,8
813,116,64,80,42,13
814,31,46,171,1,72
815,49,45,47,54,61
816,174,119,100,165,29
817,129,159,160,170,119
818,131,45,151,30,65
819,77,47,62,136,15
820,16,171,60,18,173
821,163,167,156,41,142
822,8,128,73,22,23
823,112,114,15,116,54
824,180,91,102,81,152
825,152,153,37,71,114
826,135,25,53,153,63
827,101,170,114,77,39
828,99,182,93,13,148
829,116,131,84,64,100
830,104,126,134,39,132
831,86,52,49,21,166
832,80,77,134,169,95
833,59,121,17,134,103
834,25,124,75,128,100
835,38,25,162,13,42
836,162,25,161,3,124
837,25,162,128,135,161
838,101,170,52,42,172
839,8,148,152,118,162
840,13,12,171,132,104
841,61,116,49,101,13
842,25,48,63,106,105
843,36,115,165,117,66
844,80,126,134,77,94
845,161,25,108,135,162
846,49,85,1,115,175
847,32,148,170,114,116
848,27,105,170,95,32
849,18,176,11,24,8
850,182,63,170,148,27
851,171,165,1,2,24
852,8,20,97,37,109
853,47,183,45,161,160
854,102,138,96,74,154
855,8,119,141,19,93
856,44,138,91,176,62
857,116,63,72,171,177
858,16,104,142,163,164
859,183,165,28,21,87
860,183,19,136,98,99
861,64,101,116,42,58
862,136,100,113,183,108
863,145,142,143,86,125
864,26,156,1,171,165
865,77,79,9,116,101
866,152,170,153,162,83
867,32,116,39,170,87
868,24,83,80,40,7
869,180,153,71,178,120
870,42,5,31,171,156
871,129,170,45,88,64
872,36,170,39,171,165
873,171,12,172,1,64
874,62,46,156,49,7
875,171,45,49,1,36
876,1,31,46,12,171
877,62,45,54,72,160
878,26,165,66,52,21
879,45,44,49,107,21
880,61,165,86,117,49
881,170,39,23,140,16
882,182,45,172,160,114
883,182,175,99,150,67
884,105,13,58,42,106
885,115,61,26,49,117
886,88,89,134,77,80
887,13,174,150,43,182
888,48,47,115,45,170
889,9,167,50,147,146
890,71,20,79,139,92
891,84,112,160,62,24
892,140,141,142,143,144
893,1,167,24,83,15
894,27,119,14,94,129
895,49,66,57,31,1
896,162,127,103,139,77
897,103,174,119,158,133
898,155,156,171,1,26
899,149,5,171,49,4
900,169,149,8,162,75
901,172,68,159,84,155
902,61,170,36,105,109
903,170,47,45,62,171
904,13,66,12,114,42
905,174,182,66,49,61
906,21,48,161,136,162
907,71,4,39,170,37
908,37,28,87,20,139
909,13,182,64,150,42
910,142,143,169,86,136
911,36,1,72,41,165
912,113,116,124,136,108
913,1,46,49,146,171
914,44,104,16,8,149
915,80,105,114,106,93
916,80,79,135,98,97
917,37,116,101,89,93
918,21,24,12,52,35
919,78,100,116,174,122
920,49,171,52,1,46
921,116,170,39,63,48
922,102,153,88,96,39
923,20,1,27,175,149
924,86,164,163,49,66
925,109,61,133,32,94
926,148,30,54,162,51
927,131,64,160,162,161
928,20,153,102,138,154
929,57,1,53,25,31
930,62,83,24,44,134
931,133,139,20,28,92
932,170,171,16,12,38
933,28,160,162,165,171
934,59,183,40,38,24
935,79,28,37,71,89
936,149,29,27,170,48
937,128,79,84,127,89
938,90,100,153,156,1
939,115,50,159,125,21
940,8,180,24,74,154
941,89,88,90,97,95
942,8,100,157,133,174
943,106,75,105,27,128
944,47,62,159,126,24
945,172,84,30,159,160
946,136,169,127,149,71
947,131,47,155,160,165
948,26,36,165,156,66
949,174,53,56,3,109
950,127,149,129,183,145
951,108,8,136,101,130
952,49,66,174,31,46
953,171,115,135,146,1
954,12,170,171,116,64
955,12,57,1,66,31
956,159,47,65,103,105
957,33,148,182,13,114
958,107,127,45,29,139
959,88,22,24,170,77
960,174,57,13,66,31
961,131,116,8,111,13
962,173,68,11,73,53
963,8,12,156,52,104
964,101,110,90,118,114
965,42,64,116,101,13
966,159,36,86,160,52
967,49,170,160,57,45
968,170,172,169,89,113
969,12,63,43,31,61
970,11,55,10,24,44
971,127,19,107,72,73
972,78,180,28,152,20
973,73,71,4,18,12
974,83,182,3,36,26
975,9,7,182,107,48
976,171,16,176,1,156
977,116,148,88,170,27
978,116,64,58,13,43
979,42,62,134,126,182
980,28,157,127,174,14
981,66,63,32,153,170
982,170,77,88,149,129
983,154,158,13,139,27
984,139,111,137,181,107
985,59,80,176,7,69
986,182,174,62,11,63
987,89,28,71,4,139
988,67,108,26,71,104
989,149,116,37,148,13
990,53,124,8,162,157
991,174,63,38,133,157
992,174,42,61,82,66
993,41,170,183,128,163
994,110,76,118,104,36
995,1,72,47,36,45
996,160,45,165,50,172
997,8,24,119,134,44
998,135,132,12,133,111
999,12,24,59,60,61
1000,2,84,45,160,85
1001,148,11,182,134,93
1002,159,8,162,160,45
1003,134,172,160,127,59
1004,71,87,128,108,127
1005,170,24,83,40,100
1006,12,1,66,31,65
1007,148,170,116,114,99
1008,54,67,108,154,116
1009,102,111,180,96,78
1010,128,56,4,37,149
1011,13,174,12,8,149
1012,8,47,170,172,24
1013,50,49,47,153,45
1014,24,39,44,148,100
1015,87,128,127,37,8
1016,162,161,87,21,139
1017,174,100,109,133,119
1018,1,61,49,52,21
1019,171,21,20,153,146
1020,47,31,171,52,162
1021,180,181,87,102,20
1022,100,174,109,106,27
1023,109,24,1,153,84
1024,100,101,64,80,24
1025,102,153,78,178,138
1026,153,96,32,1,115
1027,93,128,62,126,177
1028,136,40,75,74,152
1029,87,120,4,37,181
1030,171,1,49,24,79
1031,58,182,13,114,43
1032,1,171,24,72,66
1033,96,107,78,178,29
1034,8,136,183,139,61
1035,147,9,39,170,34
1036,8,158,152,169,50
1037,172,36,165,84,9
1038,170,153,78,23,102
1039,171,138,13,137,139
1040,157,36,149,35,66
1041,170,39,95,17,147
1042,28,49,166,46,37
1043,72,1,171,57,31
1044,63,48,64,1,170
1045,80,62,13,50,24
1046,147,178,81,32,152
1047,104,132,115,85,112
1048,101,83,12,114,174
1049,1,148,182,72,31
1050,162,128,174,100,53
1051,147,62,141,48,82
1052,140,77,114,8,13
1053,153,28,152,74,120
1054,156,149,162,160,131
1055,32,30,45,27,119
1056,57,1,16,72,167
1057,72,24,67,32,108
1058,1,61,25,167,108
1059,24,159,84,170,42
1060,28,72,21,171,170
1061,64,101,116,13,148
1062,171,24,36,1,37
1063,152,25,170,39,9
1064,87,72,1,148,67
1065,171,1,170,20,148
1066,153,154,152,23,78
1067,66,86,42,13,156
1068,39,49,36,170,4
1069,101,170,13,39,116
1070,93,8,169,13,30
1071,12,8,4,5,1
1072,100,157,119,133,174
1073,87,182,152,148,25
1074,153,23,34,147,170
1075,21,165,52,26,117
1076,105,148,13,116,63
1077,170,39,88,147,34
1078,49,66,162,53,25
1079,153,8,110,129,169
1080,119,133,26,21,100
1081,152,105,106,102,48
1082,1,116,13,148,31
1083,127,135,47,172,170
1084,142,160,146,162,143
1085,108,84,137,1,143
1086,40,171,163,37,126
1087,89,38,28,20,107
1088,103,93,158,33,141
1089,71,161,105,54,20
1090,83,35,126,24,40
1091,153,154,152,23,78
1092,90,104,105,106,64
1093,42,170,49,1,63
1094,103,158,98,113,136
1095,83,80,134,24,11
1096,83,35,24,62,18
1097,1,24,148,165,153
1098,9,14,111,29,107
1099,40,8,38,149,136
1100,172,165,52,61,148
1101,40,174,84,45,173
1102,44,146,46,160,58
1103,104,100,120,119,20
1104,124,161,8,165,104
1105,8,13,42,124,136
1106,36,49,115,117,166
1107,15,45,131,160,47
1108,20,140,38,161,8
1109,49,9,174,167,170
1110,159,47,29,129,160
1111,62,83,24,7,11
1112,183,169,19,162,53
1113,170,14,148,160,29
1114,84,101,109,99,116
1115,162,161,53,28,174
1116,40,173,117,86,1
1117,13,174,80,62,182
1118,63,64,182,116,32
1119,170,23,174,78,109
1120,128,61,115,49,165
1121,14,28,29,38,149
1122,46,49,45,30,44
1123,144,20,41,22,165
1124,108,74,102,111,135
1125,104,79,166,172,46
1126,13,148,43,182,48
1127,173,171,24,36,118
1128,84,159,160,170,162
1129,27,88,33,8,116
1130,12,38,171,156,149
1131,120,139,87,37,20
1132,170,48,64,147,42
1133,49,51,52,20,5
1134,36,171,1,52,162
1135,4,172,37,177,84
1136,31,25,66,13,174
1137,170,39,88,121,77
1138,1,37,36,38,26
1139,172,47,49,166,45
1140,46,47,170,42,174
1141,24,171,152,13,40
1142,39,163,170,86,25
1143,114,115,66,61,101
1144,12,66,1,86,31
1145,73,13,160,92,168
1146,174,66,13,49,46
1147,62,182,114,148,146
1148,1,13,8,174,87
1149,13,24,83,70,43
1150,149,129,29,1,171
1151,157,72,152,75,171
1152,39,136,169,170,153
1153,152,111,62,107,84
1154,146,172,62,30,83
1155,72,80,165,52,171
1156,125,61,165,49,26
1157,55,156,30,10,1
1158,42,13,64,182,93
1159,39,34,170,147,17
1160,47,176,45,174,2
1161,62,134,93,80,33
1162,39,53,102,174,68
1163,174,170,63,9,42
1164,169,156,142,104,183
1165,59,133,147,47,106
1166,104,61,52,100,116
1167,153,174,53,152,23
1168,21,160,47,15,45
1169,63,32,162,170,174
1170,145,125,26,115,52
1171,142,143,165,23,138
1172,91,138,178,17,141
1173,171,102,152,104,167
1174,158,30,155,131,8
1175,45,161,147,160,54
1176,170,39,95,144,103
1177,126,62,160,47,45
1178,80,35,83,24,79
1179,61,172,6,56,76
1180,84,75,53,174,157
1181,111,87,37,20,71
1182,72,156,5,1,104
1183,28,20,111,79,89
1184,99,42,114,91,32
1185,24,131,155,112,83
1186,72,2,152,68,151
1187,46,45,84,21,151
1188,61,49,166,14,165
1189,1,84,30,37,174
1190,135,1,87,171,106
1191,171,167,165,52,49
1192,148,42,114,93,33
1193,101,27,8,183,94
1194,72,1,47,51,159
1195,131,172,156,36,171
1196,101,28,102,20,100
1197,43,174,21,126,11
1198,101,104,86,51,170
1199,12,61,62,152,66
1200,156,102,111,78,178
1201,108,19,183,130,136
1202,20,149,72,22,69
1203,171,57,63,162,165
1204,104,136,8,112,132
1205,137,8,95,103,77
1206,1,171,93,146,104
1207,1,77,28,165,171
1208,1,171,146,167,57
1209,144,138,178,60,84
1210,116,100,88,77,133
1211,171,12,46,172,57
1212,18,76,36,24,176
1213,177,135,97,4,181
1214,89,103,87,158,71
1215,27,106,4,20,28
1216,12,1,118,13,101
1217,126,26,24,101,52
1218,57,1,8,12,170
1219,47,45,21,117,162
1220,105,39,17,64,170
1221,24,135,114,101,122
1222,52,86,8,117,36
1223,48,107,183,14,29
1224,112,87,60,174,109
1225,166,8,161,171,124
1226,29,47,147,183,60
1227,72,1,37,171,57
1228,147,182,48,99,170
1229,40,126,11,134,62
1230,127,103,129,89,139
1231,101,127,149,114,145
1232,170,66,174,72,156
1233,71,72,149,170,51
1234,157,100,128,133,177
1235,81,136,178,127,74
1236,31,117,6,66,174
1237,166,28,52,154,20
1238,152,78,102,154,81
1239,161,26,11,29,8
1240,169,183,8,136,108
1241,101,139,122,105,132
1242,25,128,135,124,161
1243,47,65,60,45,54
1244,24,44,83,11,62
1245,135,162,48,128,161
1246,163,52,171,57,36
1247,152,47,102,84,159
1248,96,8,81,37,171
1249,37,109,87,92,111
1250,80,160,134,44,81
1251,132,167,163,118,171
1252,90,109,149,156,5
1253,90,167,64,105,116
1254,171,119,179,120,127
1255,101,27,106,148,158
1256,108,78,23,162,127
1257,67,1,171,12,30
1258,61,170,171,146,12
1259,28,136,37,19,71
1260,72,84,46,71,56
1261,83,171,72,162,183
1262,165,66,61,86,115
1263,35,126,45,47,62
1264,28,165,52,147,170
1265,29,61,28,62,167
1266,128,100,174,8,25
1267,106,105,101,27,158
1268,24,176,80,112,134
1269,64,101,170,27,88
1270,28,170,15,45,120
1271,38,29,149,14,129
1272,84,162,165,63,22
1273,1,13,47,45,159
1274,69,24,11,10,7
1275,47,45,72,50,146
1276,75,8,155,62,112
1277,174,1,167,171,119
1278,168,181,6,115,72
1279,62,40,24,83,44
1280,85,135,84,128,129
1281,9,91,155,55,20
1282,15,171,16,20,107
1283,171,156,157,26,12
1284,29,38,64,183,101
1285,142,143,168,171,181
1286,154,87,139,102,152
1287,61,51,46,49,132
1288,125,93,115,78,165
1289,47,44,170,114,37
1290,76,114,62,83,13
1291,63,46,146,171,49
1292,4,26,149,128,181
1293,167,165,171,21,26
1294,100,102,139,132,84
1295,45,148,49,161,46
1296,83,24,160,35,40
1297,7,83,62,47,177
1298,19,71,62,51,171
1299,34,170,148,107,181
1300,29,162,161,128,129
1301,170,174,157,37,102
1302,5,171,118,170,146
1303,170,38,53,169,149
1304,160,113,107,45,162
1305,83,24,170,39,176
1306,110,145,117,79,153
1307,102,113,108,116,101
1308,170,39,106,101,64
1309,169,129,157,136,29
1310,149,29,129,181,127
1311,49,171,170,61,182
1312,93,75,5,72,30
1313,61,49,45,10,2
1314,171,1,146,115,54
1315,15,160,47,45,162
1316,165,47,36,155,8
1317,110,145,36,26,165
1318,72,104,57,132,171
1319,27,101,116,58,100
1320,170,38,36,160,165
1321,159,61,104,171,118
1322,148,171,16,167,58
1323,47,173,8,170,5
1324,62,71,30,172,24
1325,159,62,102,42,64
1326,171,5,13,61,172
1327,54,159,60,183,47
1328,49,162,161,52,170
1329,80,170,116,37,62
1330,8,169,128,75,108
1331,79,78,108,162,25
1332,24,174,153,149,152
1333,152,102,153,138,91
1334,45,44,47,174,15
1335,24,116,40,83,62
1336,183,170,39,171,52
1337,183,171,160,165,26
1338,24,13,83,72,35
1339,62,167,72,171,165
1340,18,134,83,69,176
1341,98,136,183,169,179
1342,37,28,169,60,15
1343,1,25,108,171,24
1344,126,80,137,29,129
1345,1,171,53,31,25
1346,12,1,31,90,51
1347,40,24,62,152,153
1348,83,172,18,24,173
1349,5,169,11,162,136
1350,1,24,83,61,62
1351,43,53,174,13,182
1352,101,30,160,148,135
1353,131,155,112,100,45
1354,120,127,181,92,129
1355,172,30,155,2,84
1356,170,39,140,138,139
1357,24,146,171,1,36
1358,81,152,162,174,158
1359,114,99,122,64,116
1360,79,129,113,8,170
1361,82,105,94,77,17
1362,42,99,171,84,36
1363,27,170,103,158,82
1364,79,92,104,113,125
1365,152,12,23,156,149
1366,106,140,27,94,105
1367,9,162,174,1,25
1368,8,131,84,2,25
1369,8,171,142,1,66
1370,29,28,8,183,137
1371,72,51,49,1,171
1372,152,78,153,23,102
1373,84,8,156,169,1
1374,148,80,5,33,24
1375,63,53,73,171,18
1376,63,32,39,121,47
1377,1,110,171,13,62
1378,12,118,46,75,8
1379,74,153,95,54,87
1380,20,169,4,39,27
1381,90,104,132,172,131
1382,170,37,162,8,56
1383,135,170,20,75,39
1384,24,62,155,60,72
1385,115,104,8,146,165
1386,61,20,125,139,79
1387,146,52,171,44,9
1388,26,89,131,139,64
1389,45,54,110,6,160
1390,64,28,42,63,88
1391,174,40,24,83,13
1392,100,157,119,174,133
1393,177,128,124,162,75
1394,43,64,147,149,152
1395,44,152,115,35,117
1396,81,9,62,126,147
1397,26,5,11,72,44
1398,155,115,87,76,158
1399,29,127,137,149,38
1400,171,72,31,36,1
1401,80,103,114,8,61
1402,169,149,84,170,129
1403,36,142,21,1,167
1404,16,66,160,159,171
1405,139,138,152,20,87
1406,2,10,45,57,171
1407,182,13,148,28,93
1408,100,39,157,8,170
1409,133,174,100,157,109
1410,93,125,45,101,160
1411,81,98,136,108,109
1412,156,167,52,12,49
1413,169,136,113,47,155
1414,31,49,1,171,117
1415,62,59,170,48,63
1416,8,27,154,152,174
1417,148,78,72,14,15
1418,44,80,126,134,116
1419,46,48,147,106,182
1420,129,136,107,87,139
1421,62,172,173,44,40
1422,1,148,171,146,61
1423,119,157,174,133,100
1424,103,8,162,35,75
1425,44,114,80,7,83
1426,10,134,83,7,24
1427,167,62,49,183,47
1428,127,162,47,42,46
1429,62,149,44,61,136
1430,42,162,64,101,152
1431,153,180,119,178,109
1432,136,108,169,179,183
1433,138,141,153,48,85
1434,100,174,38,37,129
1435,114,182,13,101,148
1436,135,174,161,162,133
1437,9,113,136,127,61
1438,47,64,80,13,104
1439,46,25,53,146,5
1440,62,26,148,14,15
1441,81,8,26,36,117
1442,183,169,136,179,108
1443,100,8,16,148,169
1444,42,116,123,182,114
1445,174,8,161,25,92
1446,174,84,53,124,109
1447,114,101,9,84,13
1448,117,47,13,101,114
1449,162,165,170,161,160
1450,26,45,84,94,106
1451,115,114,2,146,16
1452,78,102,77,100,105
1453,26,5,1,171,31
1454,154,28,74,8,174
1455,12,57,66,171,31
1456,156,57,158,114,78
1457,148,13,171,73,74
1458,165,49,166,61,182
1459,8,79,13,89,64
1460,174,57,167,171,164
1461,135,101,1,171,122
1462,172,131,156,72,1
1463,77,160,72,74,169
1464,100,170,133,95,109
1465,171,1,162,42,116
1466,149,127,57,117,80
1467,100,174,157,119,109
1468,134,126,35,62,50
1469,8,10,55,47,126
1470,170,57,163,164,171
1471,40,35,160,45,15
1472,84,6,36,135,25
1473,80,93,148,26,5
1474,39,152,153,180,96
1475,156,118,104,171,16
1476,174,53,108,3,183
1477,74,62,152,148,14
1478,142,117,90,72,51
1479,152,154,20,87,102
1480,1,83,62,24,61
1481,47,84,45,65,131
1482,1,24,83,63,79
1483,127,79,103,89,92
1484,37,39,116,22,27
1485,170,95,121,9,17
1486,110,181,61,20,127
1487,71,79,4,37,92
1488,159,170,141,77,39
1489,111,139,87,28,20
1490,165,171,64,1,166
1491,1,174,66,12,31
1492,71,4,37,1,171
1493,92,71,179,8,104
1494,160,159,47,49,24
1495,156,158,26,132,104
1496,83,24,55,69,103
1497,114,87,123,122,101
1498,78,171,96,172,142
1499,18,45,154,15,17
1500,145,144,160,163,41
1501,75,20,169,162,8
1502,101,102,25,88,42
1503,134,35,40,44,80
1504,13,114,170,64,182
1505,63,42,101,182,13
1506,35,100,155,157,47
1507,45,62,47,174,8
1508,167,142,17,170,41
1509,144,141,93,161,33
1510,59,83,167,136,62
1511,116,13,64,174,182
1512,101,61,106,48,45
1513,159,47,84,155,2
1514,89,110,88,34,83
1515,164,171,73,64,57
1516,113,78,77,8,124
1517,104,25,90,1,57
1518,17,34,3,20,4
1519,83,24,1,135,6
1520,29,36,49,165,52
1521,162,135,136,109,25
1522,47,172,64,101,84
1523,142,115,143,26,132
1524,153,50,62,126,8
1525,8,12,109,166,72
1526,73,167,57,42,8
1527,113,108,136,149,137
1528,110,54,7,171,148
1529,162,38,29,135,20
1530,136,103,179,120,121
1531,72,156,174,157,26
1532,116,101,70,42,100
1533,45,147,52,62,49
1534,71,81,37,135,87
1535,116,13,77,174,32
1536,42,64,84,72,170
1537,111,152,153,138,26
1538,24,67,69,126,26
1539,62,52,48,49,83
1540,179,136,25,130,161
1541,87,32,31,112,34
1542,83,8,24,11,18
1543,24,176,66,83,44
1544,1,36,61,31,51
1545,152,36,38,149,7
1546,83,146,160,172,8
1547,23,170,152,149,39
1548,12,66,72,112,31
1549,156,104,16,61,21
1550,16,104,167,171,1
1551,170,39,121,147,88
1552,174,159,155,157,58
1553,72,132,48,129,116
1554,149,70,148,165,182
1555,173,85,149,25,56
1556,43,13,150,111,84
1557,171,118,51,12,146
1558,66,12,57,48,174
1559,62,7,50,24,126
1560,27,106,105,32,82
1561,39,170,147,48,32
1562,155,151,35,126,44
1563,104,171,118,168,51
1564,174,100,119,133,109
1565,93,92,80,65,101
1566,116,49,171,46,72
1567,148,39,48,114,182
1568,20,127,97,107,120
1569,83,35,69,62,8
1570,28,139,79,92,71
1571,116,64,148,101,123
1572,160,171,72,170,14
1573,83,88,140,80,10
1574,79,101,93,18,177
1575,163,164,1,160,167
1576,159,172,68,151,84
1577,170,147,28,39,94
1578,26,61,49,165,86
1579,160,155,30,159,131
1580,183,171,162,21,47
1581,59,83,24,23,8
1582,162,161,170,171,38
1583,8,104,9,161,166
1584,66,174,83,183,136
1585,88,116,35,27,149
1586,170,9,92,139,39
1587,116,64,42,101,114
1588,1,13,66,174,57
1589,170,42,183,64,63
1590,77,105,135,63,162
1591,2,6,104,86,51
1592,55,33,10,101,59
1593,84,68,26,36,158
1594,171,1,142,54,72
1595,169,24,42,39,40
1596,146,171,83,64,13
1597,38,137,127,162,12
1598,52,50,172,76,51
1599,94,27,95,170,39
1600,166,66,45,117,86
1601,172,160,107,20,117
1602,21,156,171,52,129
1603,38,117,53,36,66
1604,2,13,64,24,170
1605,126,12,52,35,26
1606,169,149,43,136,158
1607,134,159,30,100,131
1608,170,145,24,16,83
1609,1,162,171,164,163
1610,170,19,71,183,136
1611,68,155,85,173,2
1612,24,62,80,83,10
1613,160,165,149,81,128
1614,170,38,37,135,183
1615,37,20,71,28,87
1616,8,137,29,161,167
1617,102,78,178,81,96
1618,27,101,174,13,100
1619,9,111,27,92,139
1620,174,25,100,8,153
1621,62,24,35,50,126
1622,124,94,174,157,27
1623,153,71,152,37,107
1624,111,170,97,27,28
1625,1,170,171,64,163
1626,120,87,89,139,34
1627,159,131,84,47,173
1628,159,45,151,47,54
1629,149,1,132,127,104
1630,86,66,24,176,117
1631,159,134,50,62,10
1632,13,148,182,101,70
1633,174,53,66,105,129
1634,8,135,75,91,74
1635,79,8,108,130,37
1636,82,58,101,48,150
1637,12,16,13,171,1
1638,109,114,52,30,54
1639,12,66,57,159,36
1640,61,63,13,66,149
1641,72,149,83,171,30
1642,62,24,83,134,69
1643,159,160,2,183,136
1644,44,2,13,47,93
1645,6,80,165,117,155
1646,10,2,4,160,172
1647,5,49,182,1,16
1648,112,115,87,102,153
1649,1,22,33,75,27
1650,100,64,79,116,153
1651,27,64,101,106,73
1652,132,171,64,165,24
1653,172,61,134,109,90
1654,35,80,40,136,131
1655,1,162,49,9,174
1656,149,52,183,156,72
1657,49,78,48,153,66
1658,66,49,61,36,115
1659,78,116,153,32,83
1660,72,79,80,43,71
1661,171,167,51,146,31
1662,93,91,138,114,43
1663,40,24,148,62,80
1664,79,37,87,78,74
1665,66,1,13,174,171
1666,71,21,155,159,19
1667,152,149,102,79,13
1668,32,170,24,47,45
1669,109,160,148,24,83
1670,92,71,84,53,174
1671,107,129,149,71,20
1672,174,153,13,182,64
1673,90,132,118,104,142
1674,79,111,120,4,37
1675,84,104,112,142,165
1676,102,152,14,101,64
1677,132,174,104,66,83
1678,53,92,129,127,161
1679,174,66,31,57,48
1680,87,20,102,153,96
1681,77,171,183,167,72
1682,116,26,72,75,108
1683,1,72,171,45,46
1684,72,132,113,124,183
1685,162,128,183,28,174
1686,112,47,134,94,40
1687,49,66,53,56,174
1688,48,170,116,64,42
1689,83,5,77,62,135
1690,38,29,179,183,129
1691,167,99,9,109,163
1692,100,174,84,160,24
1693,21,36,24,86,2
1694,13,72,171,1,174
1695,49,45,145,41,31
1696,104,84,112,90,118
1697,59,103,149,104,100
1698,101,151,104,115,15
1699,157,48,170,77,147
1700,170,153,71,74,20
1701,116,88,27,42,140
1702,100,8,80,47,75
1703,62,45,48,61,136
1704,149,81,152,169,87
1705,1,72,118,16,164
1706,72,170,1,171,7
1707,72,12,13,114,1
1708,72,45,24,1,62
1709,169,113,75,135,162
1710,66,1,77,12,13
1711,103,158,100,119,174
1712,58,61,154,45,57
1713,50,66,49,24,52
1714,20,21,160,164,28
1715,45,101,62,160,112
1716,71,27,127,20,149
1717,42,1,5,171,172
1718,8,1,149,62,156
1719,169,149,8,156,57
1720,174,162,53,157,8
1721,152,114,148,154,157
1722,156,104,129,52,125
1723,125,42,93,24,132
1724,87,20,50,174,111
1725,22,170,109,39,77
1726,107,32,112,58,48
1727,26,8,104,1,183
1728,77,78,118,153,8
1729,8,102,152,138,154
1730,142,98,112,183,172
1731,180,78,91,144,81
1732,100,80,83,84,119
1733,117,174,26,8,13
1734,183,108,113,19,20
1735,48,28,7,45,132
1736,29,15,166,148,46
1737,162,161,133,56,3
1738,24,40,176,62,44
1739,114,43,99,64,42
1740,119,38,137,100,148
1741,128,8,169,108,25
1742,174,42,157,153,152
1743,37,71,89,111,103
1744,46,57,167,146,72
1745,170,20,162,8,75
1746,183,165,61,166,52
1747,13,114,123,148,33
1748,9,111,20,167,125
1749,13,148,172,45,182
1750,20,37,78,79,17
1751,61,30,54,45,36
1752,135,124,27,140,103
1753,105,109,170,154,34
1754,13,155,45,172,42
1755,7,62,44,83,126
1756,172,39,170,24,40
1757,164,170,77,15,16
1758,146,31,135,1,171
1759,155,45,126,35,50
1760,11,152,174,100,153
1761,24,62,45,160,159
1762,14,38,127,129,137
1763,90,162,12,171,146
1764,66,83,24,136,59
1765,12,171,61,160,66
1766,79,61,87,89,111
1767,174,139,100,107,29
1768,155,172,30,144,2
1769,160,155,80,83,24
1770,62,128,53,126,134
1771,129,79,170,39,106
1772,80,171,162,135,126
1773,8,36,162,161,66
1774,73,170,42,135,32
1775,23,109,162,153,138
1776,62,40,162,134,176
1777,133,93,140,114,105
1778,156,118,26,135,61
1779,174,146,160,162,48
1780,24,1,83,26,30
1781,113,149,169,8,108
1782,114,149,64,71,13
1783,160,183,54,173,30
1784,134,142,16,126,104
1785,146,45,100,132,84
1786,16,132,104,164,31
1787,36,78,102,41,156
1788,98,179,136,112,85
1789,66,174,24,1,31
1790,112,172,24,54,7
1791,46,175,51,166,61
1792,160,84,1,171,15
1793,171,1,51,72,146
1794,35,40,62,131,24
1795,76,98,99,171,13
1796,38,152,157,107,23
1797,131,26,2,171,115
1798,81,118,74,104,132
1799,71,35,42,182,11
1800,172,160,93,99,2
1801,141,74,144,11,148
1802,13,170,148,82,39
1803,1,46,12,148,171
1804,32,48,153,23,63
1805,169,183,136,113,108
1806,174,28,153,78,152
1807,42,170,64,63,13
1808,150,26,61,70,1
1809,49,11,1,47,166
1810,7,62,80,50,24
1811,26,21,100,117,165
1812,148,167,171,151,25
1813,151,24,44,172,170
1814,84,146,6,148,33
1815,12,26,36,79,104
1816,170,13,182,97,126
1817,24,171,1,44,146
1818,106,27,158,105,63
1819,97,120,100,157,89
1820,175,8,156,168,87
1821,49,45,73,51,170
1822,171,153,7,72,6
1823,77,79,170,140,136
1824,25,39,88,170,162
1825,38,170,42,37,79
1826,107,111,87,14,79
1827,84,18,45,174,160
1828,61,45,47,68,2
1829,1,84,152,171,72
1830,8,119,153,174,162
1831,66,174,57,156,13
1832,1,36,175,49,115
1833,1,171,118,72,49
1834,110,36,86,125,66
1835,78,1,13,9,51
1836,171,1,174,66,57
1837,115,66,52,165,26
1838,85,135,60,4,168
1839,27,162,32,53,161
1840,29,160,163,28,145
1841,159,161,162,172,183
1842,169,8,156,31,57
1843,54,65,30,85,86
1844,1,171,51,118,142
1845,1,57,66,16,171
1846,78,66,174,152,73
1847,79,180,72,78,124
1848,12,57,72,61,63
1849,116,84,86,104,129
1850,29,18,152,23,50
1851,136,157,113,174,183
1852,1,171,20,129,183
1853,63,48,43,182,13
1854,49,52,128,45,15
1855,97,80,79,183,92
1856,8,156,169,136,155
1857,159,47,45,84,173
1858,24,83,84,1,160
1859,171,1,170,126,42
1860,108,116,113,114,115
1861,160,116,47,64,7
1862,29,57,163,62,38
1863,47,2,160,84,155
1864,1,84,45,131,160
1865,1,66,12,104,57
1866,116,101,117,42,148
1867,129,127,149,14,89
1868,26,5,62,102,165
1869,143,142,145,80,126
1870,146,57,46,56,152
1871,27,13,175,146,11
1872,1,80,83,13,116
1873,172,112,84,155,85
1874,9,8,160,159,170
1875,49,30,43,50,45
1876,131,155,176,84,101
1877,74,153,102,152,178
1878,63,52,170,1,12
1879,1,104,171,174,100
1880,100,174,136,116,13
1881,157,100,174,133,119
1882,8,20,24,171,170
1883,159,65,173,37,160
1884,80,62,83,24,176
1885,83,1,172,76,20
1886,170,79,77,66,38
1887,152,153,149,103,92
1888,48,114,170,82,122
1889,140,176,82,93,94
1890,20,136,153,37,102
1891,61,170,135,24,171
1892,117,132,116,171,118
1893,46,49,72,45,31
1894,64,37,129,132,104
1895,174,170,133,149,27
1896,13,116,48,170,63
1897,21,117,165,52,26
1898,25,75,135,162,124
1899,68,148,1,152,151
1900,153,152,23,78,102
1901,104,21,36,72,115
1902,20,123,92,110,109
1903,8,85,117,112,121
1904,1,46,72,57,104
1905,170,22,100,174,138
1906,111,113,112,82,47
1907,83,62,176,126,59
1908,152,170,40,151,160
1909,43,171,159,160,1
1910,97,87,20,120,153
1911,115,132,142,137,107
1912,63,66,171,174,162
1913,50,59,46,72,51
1914,42,64,162,182,13
1915,172,159,84,38,2
1916,117,156,61,131,12
1917,101,116,126,64,148
1918,152,153,174,133,109
1919,27,129,127,88,149
1920,159,161,170,164,72
1921,90,164,178,102,138
1922,38,19,153,107,39
1923,1,104,51,12,31
1924,22,80,63,11,69
1925,170,161,37,9,8
1926,160,87,84,85,47
1927,152,127,24,1,8
1928,156,155,10,62,9
1929,148,45,46,47,33
1930,113,107,25,87,64
1931,172,145,155,30,26
1932,21,166,14,160,162
1933,160,171,8,143,116
1934,14,28,37,71,20
1935,19,109,135,98,99
1936,37,24,12,153,171
1937,12,61,84,1,26
1938,62,132,61,156,36
1939,134,44,35,24,11
1940,49,36,26,61,66
1941,48,170,37,40,139
1942,97,96,95,124,128
1943,104,1,175,132,168
1944,170,169,39,157,158
1945,42,161,33,64,93
1946,174,170,105,48,109
1947,8,162,103,73,53
1948,116,85,6,159,114
1949,116,162,117,128,160
1950,53,100,135,124,105
1951,62,1,24,42,170
1952,166,158,149,165,104
1953,170,64,101,179,114
1954,2,72,56,160,25
1955,44,15,60,33,148
1956,172,103,170,84,32
1957,153,174,178,91,78
1958,171,165,170,72,29
1959,104,49,92,71,170
1960,9,107,8,14,114
1961,77,181,127,107,94
1962,153,20,152,28,79
1963,11,148,152,23,153
1964,35,174,109,11,62
1965,42,33,148,56,81
1966,77,29,9,166,81
1967,136,126,134,183,131
1968,171,163,1,164,16
1969,171,49,1,12,73
1970,73,135,53,75,174
1971,31,57,1,53,25
1972,7,24,50,69,62
1973,30,47,125,157,26
1974,47,159,160,15,1
1975,47,171,169,62,83
1976,62,50,24,35,40
1977,159,170,35,40,174
1978,8,163,149,27,156
1979,84,155,159,160,2
1980,33,180,42,78,101
1981,172,169,20,30,134
1982,171,127,72,38,149
1983,93,92,91,125,139
1984,61,171,170,165,24
1985,112,60,10,134,30
1986,116,1,80,104,90
1987,159,40,35,24,84
1988,171,165,36,1,167
1989,83,24,165,84,149
1990,64,116,63,122,101
1991,152,160,162,170,25
1992,172,165,49,160,155
1993,161,162,128,75,157
1994,100,139,157,119,79
1995,83,6,171,13,152
1996,174,138,29,111,73
1997,131,115,156,31,52
1998,8,171,64,155,153
1999,43,48,123,182,63
2000,170,25,83,1,52
2001,36,61,49,76,117
2002,101,122,33,64,116
2003,78,174,153,152,9
2004,47,45,148,6,54
2005,147,49,9,17,61
2006,71,38,103,174,158
2007,183,113,1,20,129
2008,115,119,109,100,114
2009,80,10,148,58,24
2010,24,29,161,174,129
2011,66,49,117,63,48
2012,46,11,49,48,163
2013,170,159,160,153,152
2014,47,159,83,45,160
2015,117,148,13,21,49
2016,172,159,84,45,85
2017,21,166,117,52,165
2018,174,157,163,167,1
2019,152,153,78,23,138
2020,171,160,48,183,162
2021,169,149,117,36,66
2022,7,170,24,8,13
2023,86,52,134,45,129
2024,165,52,117,26,61
2025,38,36,170,8,39
2026,72,84,1,153,149
2027,8,128,75,20,119
2028,83,35,24,102,109
2029,29,39,24,62,38
2030,78,102,74,8,44
2031,75,161,135,128,162
2032,114,137,134,129,20
2033,170,39,121,88,17
2034,149,38,174,4,129
2035,159,173,160,45,155
2036,182,173,47,50,44
2037,116,8,64,122,58
2038,140,138,20,33,144
2039,24,49,54,37,71
2040,171,61,165,72,70
2041,80,83,45,131,47
2042,174,48,157,53,162
2043,67,72,171,1,68
2044,177,75,25,128,135
2045,72,159,47,61,57
2046,170,39,27,106,174
2047,139,9,147,121,120
2048,26,8,36,20,110
2049,25,53,3,75,157
2050,36,66,49,1,54
2051,149,61,66,107,108
2052,108,136,113,169,98
2053,157,100,88,174,77
2054,176,182,13,24,174
2055,145,177,89,86,105
2056,1,41,163,104,72
2057,42,12,156,64,165
2058,67,172,170,154,22
2059,135,119,8,100,157
2060,159,160,13,174,47
2061,174,84,13,4,66
2062,153,152,74,102,23
2063,72,1,162,132,8
2064,113,147,23,156,136
2065,73,32,148,170,108
2066,53,182,42,162,25
2067,183,29,28,171,37
2068,135,115,107,76,75
2069,183,169,38,162,25
2070,37,170,92,174,183
2071,84,162,98,68,109
2072,153,1,68,171,25
2073,47,102,159,45,62
2074,102,104,105,106,180
2075,13,64,66,148,166
2076,175,1,110,52,146
2077,131,125,156,132,104
2078,42,153,116,8,64
2079,170,21,162,25,39
2080,64,12,170,36,127
2081,37,136,137,87,107
2082,102,142,176,61,180
2083,152,170,48,38,162
2084,42,64,63,1,66
2085,159,40,148,116,38
2086,87,160,183,135,54
2087,172,15,45,27,32
2088,126,134,131,112,113
2089,1,61,57,53,24
2090,160,126,54,35,134
2091,148,80,133,182,116
2092,38,24,83,149,10
2093,71,72,122,146,175
2094,48,174,46,147,28
2095,19,87,180,71,107
2096,158,149,47,8,165
2097,33,152,174,150,157
2098,48,147,174,63,32
2099,38,170,84,54,11
2100,171,53,31,57,98
2101,1,24,171,10,51
2102,8,148,160,149,166
2103,5,137,1,171,179
2104,100,80,119,40,174
2105,147,48,49,46,36
2106,72,42,160,64,165
2107,142,104,45,72,7
2108,116,149,1,72,160
2109,17,9,77,170,95
2110,83,40,35,64,42
2111,172,25,128,139,98
2112,13,174,63,58,170
2113,120,20,178,97,87
2114,153,12,8,104,25
2115,108,8,149,20,152
2116,116,106,82,101,105
2117,117,61,36,153,165
2118,72,104,165,116,160
2119,148,39,36,170,165
2120,22,6,84,91,102
2121,160,72,62,162,168
2122,115,119,109,100,114
2123,109,22,8,116,38
2124,71,40,38,129,183
2125,174,13,159,83,84
2126,101,114,70,99,182
2127,160,159,2,62,176
2128,149,162,53,38,25
2129,79,46,28,31,171
2130,19,39,49,148,46
2131,28,37,183,163,164
2132,42,64,66,12,174
2133,127,108,62,77,20
2134,164,163,171,52,165
2135,57,171,66,165,12
2136,142,143,104,76,115
2137,31,51,24,50,1
2138,142,171,83,101,104
2139,183,162,47,57,160
2140,109,13,173,118,160
2141,54,68,151,30,60
2142,13,24,66,172,170
2143,159,160,20,151,37
2144,26,62,83,36,2
2145,158,103,119,133,174
2146,160,148,142,151,166
2147,62,47,160,159,134
2148,62,35,59,10,101
2149,13,43,148,122,182
2150,128,33,148,177,93
2151,101,171,159,117,134
2152,132,171,37,148,1
2153,24,171,149,7,1
2154,156,76,86,66,171
2155,171,172,61,165,162
2156,72,8,113,136,131
2157,21,104,166,165,72
2158,8,174,44,35,55
2159,28,42,26,37,149
2160,171,165,115,61,62
2161,1,104,83,171,115
2162,64,159,72,57,63
2163,35,24,42,8,148
2164,172,104,8,160,21
2165,78,79,153,111,37
2166,152,153,78,74,81
2167,29,1,166,49,174
2168,80,134,79,101,104
2169,171,72,46,35,116
2170,46,45,32,48,113
2171,26,156,155,90,117
2172,84,112,86,66,13
2173,156,131,8,114,158
2174,37,4,71,28,92
2175,113,8,1,108,134
2176,162,25,179,169,127
2177,124,24,83,177,102
2178,48,42,64,170,147
2179,170,21,117,16,67
2180,9,170,39,141,121
2181,49,61,165,183,109
2182,135,107,87,128,20
2183,174,119,133,100,157
2184,135,124,119,99,20
2185,170,183,129,136,24
2186,26,30,76,1,80
2187,53,174,13,25,170
2188,149,30,51,54,47
2189,24,83,37,158,76
2190,24,71,1,37,72
2191,155,169,113,151,131
2192,12,57,66,174,31
2193,24,1,49,62,45
2194,152,77,103,12,27
2195,1,22,171,135,162
2196,12,51,156,5,1
2197,114,176,99,83,182
2198,124,100,25,73,157
2199,137,107,112,87,97
2200,116,64,182,48,63
2201,13,79,53,174,103
2202,176,126,11,35,24
2203,47,160,174,159,45
2204,136,120,183,162,181
2205,53,13,27,39,8
2206,170,77,39,28,63
2207,162,20,135,29,149
2208,157,100,90,156,142
2209,46,171,167,164,163
2210,136,8,1,169,53
2211,12,5,72,57,171
2212,162,161,174,177,128
2213,170,169,42,28,182
2214,72,31,171,67,66
2215,170,10,62,20,24
2216,90,104,142,118,72
2217,172,174,1,146,109
2218,8,72,97,92,44
2219,181,180,61,165,112
2220,28,165,21,78,79
2221,170,38,48,39,149
2222,170,36,11,162,8
2223,100,133,174,109,157
2224,165,142,72,21,17
2225,47,160,45,173,15
2226,76,132,1,36,72
2227,42,183,102,170,117
2228,22,84,78,70,72
2229,102,153,152,23,147
2230,8,119,135,100,152
2231,71,53,32,107,137
2232,146,33,114,171,62
2233,159,2,51,62,172
2234,84,45,83,62,160
2235,44,83,24,40,11
2236,72,183,93,13,70
2237,25,19,152,73,74
2238,63,182,48,170,116
2239,149,61,160,62,171
2240,12,118,1,156,104
2241,165,104,84,132,61
2242,71,28,120,136,127
2243,182,45,15,147,31
2244,135,74,102,20,87
2245,171,45,128,62,173
2246,32,63,48,27,77
2247,8,157,139,20,158
2248,146,5,163,41,171
2249,104,75,26,84,61
2250,15,160,65,45,159
2251,49,27,8,15,89
2252,44,114,142,140,141
2253,171,1,49,118,68
2254,29,42,183,38,135
2255,72,71,170,62,61
2256,32,148,150,114,70
2257,20,153,5,174,25
2258,4,71,170,79,152
2259,4,174,71,2,13
2260,138,102,91,23,152
2261,49,46,1,61,118
2262,116,160,1,84,172
2263,152,102,178,138,96
2264,59,55,155,80,126
2265,83,62,100,174,80
2266,165,52,160,163,167
2267,146,171,112,31,85
2268,148,32,13,116,123
2269,79,77,71,89,88
2270,21,93,47,159,49
2271,112,45,172,30,160
2272,170,24,37,38,35
2273,100,119,157,133,109
2274,161,162,135,3,128
2275,61,111,49,21,167
2276,26,49,115,76,36
2277,145,16,126,51,160
2278,101,70,64,33,116
2279,114,101,122,116,99
2280,142,143,8,92,139
2281,140,142,143,178,121
2282,1,152,149,148,153
2283,83,129,8,113,136
2284,84,1,89,24,127
2285,84,83,143,112,42
2286,73,173,13,80,99
2287,45,155,30,146,132
2288,30,24,83,35,112
2289,135,87,85,6,32
2290,16,146,104,171,1
2291,114,101,122,103,99
2292,162,109,183,160,171
2293,170,39,9,109,174
2294,136,183,169,179,19
2295,180,74,22,78,138
2296,116,182,62,148,87
2297,84,109,14,129,29
2298,79,8,135,73,75
2299,172,72,142,1,171
2300,174,27,48,170,39
2301,112,109,97,87,84
2302,80,37,127,20,97
2303,80,72,19,113,45
2304,61,165,49,47,84
2305,171,47,1,24,66
2306,25,1,36,66,148
2307,118,153,171,116,16
2308,161,162,128,8,116
2309,109,100,96,153,180
2310,70,32,114,182,22
2311,87,48,20,14,97
2312,72,71,1,24,153
2313,152,23,153,74,138
2314,149,69,101,161,67
2315,170,116,77,95,182
2316,115,47,45,68,54
2317,29,28,47,160,183
2318,45,48,51,33,162
2319,13,24,50,10,64
2320,12,72,171,142,104
2321,119,133,109,165,174
2322,84,3,53,2,25
2323,84,3,53,2,25
2324,170,32,74,39,153
2325,8,84,126,90,74
2326,28,153,8,126,24
2327,148,42,64,13,116
2328,170,183,153,151,73
2329,12,170,149,1,116
2330,61,156,117,25,24
2331,79,49,72,2,165
2332,12,35,21,90,11
2333,72,116,36,171,148
2334,100,156,171,50,133
2335,153,174,77,78,63
2336,19,71,28,183,136
2337,84,20,78,24,131
2338,129,74,178,48,107
2339,159,160,15,72,1
2340,84,77,72,78,79
2341,123,116,32,34,87
2342,49,72,51,164,25
2343,58,33,150,114,99
2344,181,168,99,101,102
2345,36,165,21,115,52
2346,170,87,101,7,105
2347,127,92,149,38,129
2348,61,146,33,123,1
2349,1,171,5,108,119
2350,31,2,148,153,5
2351,135,72,104,168,180
2352,72,57,163,45,104
2353,174,63,32,1,47
2354,178,96,102,74,180
2355,41,35,1,65,173
2356,172,127,171,72,149
2357,156,106,8,116,158
2358,140,106,157,82,94
2359,173,159,160,21,57
2360,24,36,13,174,63
2361,177,75,25,162,135
2362,110,135,94,95,124
2363,61,118,1,117,156
2364,48,63,32,116,13
2365,83,13,153,64,24
2366,12,83,5,18,173
2367,177,144,180,181,96
2368,170,147,88,34,39
2369,179,1,36,98,24
2370,14,49,50,165,59
2371,174,170,107,53,48
2372,53,8,148,3,174
2373,171,163,156,72,104
2374,47,24,7,2,44
2375,79,8,149,25,75
2376,72,116,148,1,24
2377,45,47,126,125,54
2378,48,170,33,148,17
2379,48,170,63,77,95
2380,139,174,103,79,97
2381,39,108,8,170,34
2382,89,35,8,134,24
2383,72,171,12,31,1
2384,52,28,8,166,170
2385,162,171,48,167,146
2386,140,174,105,78,144
2387,159,86,160,21,174
2388,181,127,113,119,58
2389,162,161,1,25,172
2390,170,39,158,103,8
2391,14,79,20,100,101
2392,174,57,183,31,63
2393,108,136,20,102,92
2394,8,100,12,169,62
2395,174,164,12,72,57
2396,8,100,157,174,119
2397,23,78,152,27,149
2398,157,159,8,160,131
2399,83,176,99,76,126
2400,14,150,13,101,4
2401,8,160,170,162,129
2402,45,62,72,47,48
2403,62,49,48,171,61
2404,104,171,108,8,21
2405,111,92,154,102,71
2406,125,93,10,83,84
2407,159,13,47,80,174
2408,64,42,126,164,163
2409,115,21,171,122,76
2410,159,112,172,45,15
2411,169,39,70,9,157
2412,73,152,8,22,26
2413,100,174,133,157,153
2414,47,174,183,66,169
2415,85,87,77,8,156
2416,49,47,54,45,66
2417,103,75,102,42,101
2418,127,149,8,129,20
2419,79,87,89,28,8
2420,116,24,83,108,62
2421,140,106,103,139,145
2422,97,171,139,165,66
2423,127,129,107,181,137
2424,24,126,134,80,62
2425,161,135,183,162,128
2426,161,53,162,100,25
2427,183,62,24,35,83
2428,49,163,132,171,165
2429,132,163,58,72,171
2430,42,39,9,171,38
2431,117,160,149,126,115
2432,109,174,153,78,74
2433,108,127,149,183,170
2434,162,148,105,25,74
2435,80,47,116,126,105
2436,102,78,178,175,20
2437,45,54,51,20,17
2438,46,31,171,1,146
2439,174,13,64,114,119
2440,93,170,141,22,67
2441,183,108,136,98,16
2442,37,23,178,28,4
2443,178,159,47,171,45
2444,78,153,157,152,81
2445,36,21,86,165,52
2446,174,32,63,153,170
2447,62,126,11,7,50
2448,173,45,6,159,149
2449,169,8,20,37,136
2450,169,129,38,137,149
2451,42,64,58,182,13
2452,24,38,162,152,183
2453,72,164,28,1,165
2454,146,170,161,21,61
2455,169,170,39,183,174
2456,135,19,168,136,104
2457,27,37,152,162,23
2458,42,1,51,31,49
2459,87,27,138,74,22
2460,48,84,13,63,173
2461,27,102,94,25,32
2462,108,62,61,115,165
2463,42,12,66,170,57
2464,37,40,162,91,71
2465,160,47,159,45,15
2466,84,1,171,30,154
2467,84,124,117,172,115
2468,49,53,170,171,169
2469,174,13,170,160,39
2470,171,168,152,54,71
2471,147,38,15,148,151
2472,1,170,171,153,64
2473,62,50,40,45,15
2474,159,163,164,183,167
2475,39,153,26,61,36
2476,88,149,129,106,170
2477,64,156,8,101,104
2478,172,24,1,36,148
2479,125,26,95,88,76
2480,124,1,171,49,73
2481,138,178,102,108,38
2482,43,152,6,56,148
2483,128,32,1,7,115
2484,77,170,39,27,103
2485,148,1,24,171,83
2486,148,170,29,33,39
2487,183,170,162,2,160
2488,24,72,13,12,171
2489,173,30,160,13,84
2490,152,30,39,35,135
2491,10,138,102,126,24
2492,1,24,146,171,160
2493,1,165,167,171,163
2494,48,58,170,121,148
2495,8,156,169,51,66
2496,156,171,72,51,162
2497,148,64,116,182,150
2498,42,174,13,84,25
2499,137,174,146,21,47
2500,53,162,174,73,48
2501,153,78,102,96,154
2502,103,131,151,8,84
2503,162,152,170,64,68
2504,49,1,171,146,52
2505,8,47,155,161,68
2506,160,24,36,57,72
2507,1,146,165,14,183
2508,121,42,101,63,32
2509,104,179,156,161,113
2510,109,128,178,53,174
2511,51,6,104,165,146
2512,160,64,159,112,180
2513,160,170,174,176,24
2514,175,6,46,51,54
2515,27,39,170,17,158
2516,1,53,113,170,51
2517,11,183,38,57,129
2518,114,148,59,134,80
2519,94,95,8,78,96
2520,134,122,60,125,126
2521,8,29,39,113,136
2522,80,81,139,92,49
2523,9,183,48,128,170
2524,48,42,170,64,1
2525,157,174,109,100,133
2526,91,102,93,101,116
2527,153,87,74,152,19
2528,57,171,142,1,163
2529,183,149,169,127,179
2530,174,63,135,11,47
2531,170,47,45,171,25
2532,86,72,163,165,1
2533,1,24,171,164,142
2534,174,100,66,136,111
2535,100,119,174,133,157
2536,80,83,24,36,40
2537,124,61,171,170,12
2538,71,109,100,133,174
2539,66,86,166,161,57
2540,61,175,172,101,85
2541,37,8,127,139,169
2542,103,160,79,37,33
2543,149,49,1,171,51
2544,178,102,96,17,133
2545,182,13,57,66,52
2546,12,174,31,118,171
2547,174,24,62,50,133
2548,21,165,28,100,119
2549,116,114,93,101,148
2550,28,14,159,45,160
2551,183,38,128,162,177
2552,65,43,12,136,117
2553,162,161,153,3,78
2554,113,136,61,8,149
2555,78,61,62,149,151
2556,18,171,72,12,2
2557,171,116,170,49,104
2558,84,149,116,129,107
2559,129,149,29,38,107
2560,96,178,27,180,102
2561,162,53,161,106,77
2562,175,171,36,170,56
2563,171,49,7,8,148
2564,115,155,26,104,84
2565,170,28,153,20,82
2566,1,146,148,24,152
2567,117,171,165,52,170
2568,30,72,62,171,159
2569,102,116,127,120,112
2570,100,136,8,160,80
2571,43,113,80,9,21
2572,104,143,78,138,132
2573,83,84,113,155,80
2574,170,1,171,42,165
2575,162,161,174,100,119
2576,22,106,116,101,105
2577,79,38,87,20,37
2578,75,177,162,25,161
2579,98,87,115,165,21
2580,170,162,161,147,126
2581,129,32,42,64,88
2582,1,72,108,177,90
2583,165,166,160,171,163
2584,159,40,36,57,167
2585,104,132,72,103,100
2586,116,1,13,12,57
2587,46,45,28,71,72
2588,172,21,53,5,139
2589,8,138,38,137,139
2590,115,21,165,36,49
2591,170,19,39,174,153
2592,112,172,160,30,15
2593,13,64,176,88,174
2594,162,25,153,8,178
2595,113,108,100,126,61
2596,36,170,1,37,42
2597,104,142,143,102,178
2598,25,161,157,174,162
2599,149,181,25,135,38
2600,42,163,164,183,160
2601,142,143,129,134,26
2602,174,45,44,115,135
2603,38,149,14,169,158
2604,9,147,106,113,166
2605,49,166,66,46,163
2606,12,1,36,153,171
2607,137,115,21,155,61
2608,144,104,108,140,141
2609,66,12,86,1,26
2610,27,105,88,101,114
2611,174,31,1,12,25
2612,153,46,83,51,152
2613,139,92,28,37,97
2614,101,13,114,43,182
2615,84,83,24,6,80
2616,49,160,165,115,66
2617,49,44,45,48,47
2618,52,80,112,162,146
2619,134,33,59,18,10
2620,49,165,36,61,21
2621,171,165,1,162,160
2622,171,174,72,146,15
2623,174,133,119,157,109
2624,8,183,169,136,98
2625,129,171,127,48,112
2626,14,102,20,161,178
2627,142,143,140,141,145
2628,26,92,35,139,89
2629,161,159,79,162,104
2630,137,29,139,28,44
2631,41,12,24,30,131
2632,53,75,3,135,25
2633,106,75,162,135,27
2634,18,39,96,13,44
2635,24,20,17,75,19
2636,9,170,17,141,147
2637,52,132,104,1,8
2638,24,47,80,131,159
2639,159,176,174,40,161
2640,183,170,29,21,8
2641,64,13,42,89,37
2642,138,96,124,95,88
2643,21,8,128,162,117
2644,173,62,45,183,147
2645,84,172,49,36,115
2646,139,126,62,50,14
2647,92,61,76,145,8
2648,69,117,7,162,153
2649,77,95,48,116,8
2650,115,46,49,171,19
2651,127,134,105,27,114
2652,170,148,23,116,144
2653,153,116,48,20,162
2654,45,46,94,43,73
2655,21,139,82,28,120
2656,152,83,39,148,170
2657,72,1,104,57,163
2658,171,72,156,146,118
2659,47,165,146,1,174
2660,149,162,161,25,29
2661,173,13,146,66,174
2662,125,52,34,155,50
2663,49,1,117,66,67
2664,140,94,174,144,91
2665,12,62,66,6,80
2666,170,152,129,102,112
2667,77,140,78,141,142
2668,30,6,154,170,152
2669,153,152,174,154,23
2670,63,37,28,158,169
2671,159,182,57,36,63
2672,48,170,147,39,34
2673,112,134,14,45,83
2674,14,34,122,107,24
2675,12,66,125,1,166
2676,83,35,176,152,102
2677,49,147,53,13,46
2678,166,161,21,165,42
2679,107,129,127,149,79
2680,8,109,158,100,133
2681,52,21,171,61,31
2682,53,148,8,114,42
2683,13,173,159,117,40
2684,12,24,8,174,100
2685,183,174,136,100,57
2686,137,129,139,89,161
2687,170,47,183,77,28
2688,24,83,176,134,126
2689,127,35,17,20,126
2690,1,167,135,133,58
2691,72,62,61,171,7
2692,63,48,170,9,174
2693,114,13,116,25,122
2694,155,172,64,30,114
2695,108,136,114,98,122
2696,65,151,176,6,59
2697,170,177,162,42,161
2698,172,72,1,173,159
2699,1,171,165,47,31
2700,107,136,109,58,139
2701,104,156,118,132,16
2702,4,152,81,77,170
2703,74,139,41,42,172
2704,12,57,1,171,31
2705,79,111,120,71,37
2706,72,171,24,57,13
2707,72,125,19,51,52
2708,149,1,102,58,114
2709,129,136,18,127,170
2710,169,45,50,47,51
2711,40,159,131,47,35
2712,152,72,149,1,22
2713,105,61,82,91,26
2714,116,114,101,182,99
2715,31,174,182,66,1
2716,38,181,8,169,149
2717,1,174,152,148,24
2718,24,84,13,182,129
2719,117,1,118,160,171
2720,42,160,165,170,63
2721,112,172,129,127,28
2722,100,20,95,177,24
2723,36,26,165,117,115
2724,129,170,71,28,137
2725,145,165,166,93,47
2726,149,37,148,38,13
2727,5,116,77,13,20
2728,171,132,1,146,167
2729,100,64,174,101,38
2730,37,153,74,91,154
2731,35,159,53,75,174
2732,134,152,28,79,126
2733,1,36,49,5,66
2734,63,32,27,25,48
2735,1,46,49,13,182
2736,2,128,112,89,120
2737,128,109,135,117,26
2738,153,42,48,63,25
2739,61,49,166,170,117
2740,13,182,24,69,26
2741,24,171,13,26,84
2742,88,8,136,108,169
2743,116,183,171,72,1
2744,151,45,56,34,39
2745,48,172,174,47,170
2746,77,170,48,174,13
2747,139,71,102,135,88
2748,120,24,180,114,70
2749,112,177,92,65,28
2750,72,1,163,153,132
2751,115,100,113,89,8
2752,71,81,102,139,79
2753,36,39,183,48,46
2754,171,166,25,149,167
2755,111,36,101,114,103
2756,39,114,32,44,50
2757,174,4,87,32,13
2758,80,174,31,1,109
2759,57,8,1,171,53
2760,141,134,64,117,104
2761,124,78,135,106,115
2762,104,57,66,156,171
2763,83,62,24,69,134
2764,101,100,114,122,148
2765,124,128,162,170,13
2766,104,23,124,159,170
2767,143,142,122,104,134
2768,173,39,174,159,170
2769,116,48,32,101,94
2770,35,174,9,63,156
2771,110,90,171,1,167
2772,1,71,61,79,153
2773,17,88,170,141,95
2774,148,142,152,62,169
2775,112,159,172,15,39
2776,13,66,159,182,64
2777,32,63,22,82,105
2778,20,21,24,165,171
2779,72,62,39,61,170
2780,5,36,38,80,40
2781,149,66,161,128,89
2782,1,182,171,30,8
2783,156,72,57,12,163
2784,101,116,24,106,149
2785,166,60,36,172,143
2786,2,156,51,171,5
2787,38,129,107,127,29
2788,79,37,4,28,108
2789,47,170,171,39,40
2790,12,31,1,72,57
2791,110,135,109,142,132
2792,1,66,104,61,132
2793,142,155,65,21,49
2794,140,94,32,82,148
2795,155,42,131,30,13
2796,38,28,163,41,55
2797,30,100,11,8,24
2798,38,39,149,153,170
2799,103,141,8,181,149
2800,172,160,155,117,115
2801,22,19,4,37,39
2802,65,12,131,137,84
2803,31,171,167,32,174
2804,72,36,171,15,115
2805,1,57,63,12,32
2806,72,171,132,156,111
2807,170,165,8,24,171
2808,183,47,170,48,8
2809,171,62,170,61,183
2810,162,161,128,56,75
2811,92,91,171,167,132
2812,80,101,105,79,89
2813,174,119,133,100,109
2814,80,77,72,153,159
2815,1,165,171,49,66
2816,152,20,28,136,179
2817,29,161,183,148,7
2818,52,29,63,147,49
2819,36,26,166,52,29
2820,28,20,120,4,71
2821,64,116,77,106,27
2822,80,136,83,116,114
2823,171,1,183,108,109
2824,175,142,145,7,61
2825,8,136,108,113,169
2826,153,154,166,36,152
2827,13,66,124,99,53
2828,156,155,162,171,5
2829,61,166,66,165,36
2830,177,53,13,124,162
2831,170,39,107,181,180
2832,170,25,84,135,75
2833,64,49,174,57,170
2834,74,155,128,109,133
2835,27,158,53,25,149
2836,79,20,28,71,100
2837,78,29,42,53,52
2838,47,159,45,160,15
2839,176,13,148,182,24
2840,24,66,83,115,49
2841,28,167,127,162,16
2842,42,116,148,182,32
2843,109,1,116,37,33
2844,86,38,25,129,36
2845,117,165,61,83,148
2846,1,151,65,2,5
2847,55,44,117,49,84
2848,84,77,173,111,20
2849,1,148,5,116,36
2850,24,40,83,176,37
2851,170,165,1,21,36
2852,79,78,162,153,25
2853,21,76,171,1,165
2854,174,25,128,53,116
2855,103,155,136,156,170
2856,127,52,166,170,129
2857,153,25,152,162,161
2858,80,15,45,159,47
2859,104,116,141,64,145
2860,146,71,1,136,182
2861,100,157,119,174,109
2862,35,21,11,49,26
2863,36,1,66,104,164
2864,101,64,33,116,58
2865,76,115,124,116,114
2866,165,171,80,167,52
2867,182,162,133,109,25
2868,108,131,155,154,75
2869,72,42,63,101,31
2870,71,4,8,37,25
2871,170,174,48,32,63
2872,72,171,146,5,25
2873,174,38,29,8,107
2874,24,171,99,1,26
2875,125,26,49,52,36
2876,5,159,36,44,11
2877,8,13,31,49,169
2878,45,15,173,49,66
2879,131,113,31,32,33
2880,78,152,162,53,154
2881,47,46,61,52,54
2882,139,102,87,151,13
2883,171,104,118,46,51
2884,122,123,124,125,126
2885,143,144,145,146,147
2886,1,156,171,26,51